{"schemaVersion":"1.0","appDefinitionTemplate":{"id":"/providers/Microsoft.PowerApps/apps/","type":"Microsoft.PowerApps/apps","tags":{"primaryDeviceWidth":"1366","primaryDeviceHeight":"768","sienaVersion":"20211208T205751Z-3.21112.22.0","deviceCapabilities":"","supportsPortrait":"false","supportsLandscape":"true","primaryFormFactor":"Tablet","publisherVersion":"3.21112.22","minimumRequiredApiVersion":"2.2.0","hasComponent":"false","hasUnlockedComponent":"false","isUnifiedRootApp":"false"},"properties":{"appVersion":"2021-12-08T20:57:51Z","lifeCycleId":"Published","createdByClientVersion":{"major":3,"minor":21112,"build":22,"revision":0,"majorRevision":0,"minorRevision":0},"minClientVersion":{"major":3,"minor":21112,"build":22,"revision":0,"majorRevision":0,"minorRevision":0},"backgroundColor":"rgba(1, 60, 96, 1)","backgroundImageUri":"/1877536153417396653/N141dd7b9-1247-45c1-8e42-101944c4ac2b-logoSmallFile","displayName":"All Things 365 Office PDF Viewer v2","description":"https://masteroffice365.com\nhttp://allthings365.com","commitMessage":"","appUris":{"documentUri":{"value":"/1877536153417396653/N57452aaf-7fe9-4243-a4cb-4e7e6ff9b9ac-document.msapp"},"imageUris":[]},"createdTime":"0001-01-01T00:00:00Z","lastModifiedTime":"0001-01-01T00:00:00Z","sharedGroupsCount":0,"sharedUsersCount":0,"icons":{"smallIconUri":"/1877536153417396653/Nb6571253-0bef-47cd-86a3-7b437ac7eb8f-small.png","mediumIconUri":"/1877536153417396653/N28bd0a21-7b34-426b-9ef0-3f7077dfacc3-medium.png","largeIconUri":"/1877536153417396653/Nf83fa545-e429-4adb-8238-6b6a6e992b5b-large.png","wideIconUri":"/1877536153417396653/N76b32ee9-44ed-442f-9d32-68b124894eb8-wide.png"},"connectionReferences":{"d314f64e-29ad-40a7-99d4-6bb79cc38ae7":{"id":"d266a6cb-b2df-4988-ac3a-d6e467fa4bdc","displayName":"SharePoint","iconUri":"https://connectoricons-prod.azureedge.net/releases/v1.0.1533/1.0.1533.2600/sharepointonline/icon.png","dataSources":["Office PDF Viewer"],"dependencies":[],"dependents":[],"parameterHints":{},"parameterHintsV2":{},"isOnPremiseConnection":false,"bypassConsent":false,"dataSets":{"https://livelovelife.sharepoint.com/sites/Development/democontent":{"dataSources":{"Office PDF Viewer":{"tableName":"ebeeee12-144e-4a6a-bdbb-927570ef4798"}}}},"apiTier":"Standard","isCustomApiConnection":false,"actions":["providers/PowerPlatform.Governance/Operations/Read"]}},"databaseReferences":{},"almMode":"Environment","performanceOptimizationEnabled":true,"canConsumeAppPass":true,"executionRestrictions":{"isTeamsOnly":false,"dataLossPreventionEvaluationResult":{"status":"Compliant","lastEvaluationDate":"2021-12-02T20:03:36.8185581Z","violations":[],"violationsByPolicy":[],"violationErrorMessage":"The app uses the following connectors: shared_sharepointonline."}}},"appType":"ClassicCanvasApp","appComponents":[]}}