{"schemaVersion":"1.0","appDefinitionTemplate":{"id":"/providers/Microsoft.PowerApps/apps/","type":"Microsoft.PowerApps/apps","tags":{"primaryDeviceWidth":"1366","primaryDeviceHeight":"768","sienaVersion":"20200702T150231Z-3.20063.13.0","deviceCapabilities":"","supportsPortrait":"false","supportsLandscape":"true","primaryFormFactor":"Tablet","publisherVersion":"3.20063.13","minimumRequiredApiVersion":"2.2.0","hasComponent":"false","hasUnlockedComponent":"false","isUnifiedRootApp":"false"},"properties":{"appVersion":"2020-07-02T15:02:31Z","lifeCycleId":"Published","createdByClientVersion":{"major":3,"minor":20063,"build":13,"revision":0,"majorRevision":0,"minorRevision":0},"minClientVersion":{"major":3,"minor":20063,"build":13,"revision":0,"majorRevision":0,"minorRevision":0},"backgroundColor":"rgba(1, 60, 96, 1)","backgroundImageUri":"/14527597168239411553/N8527dddd-712b-4d24-837c-906c4cbbbeef-logoSmallFile","displayName":"All Things 365 Office PDF Viewer","description":"https://masteroffice365.com\nhttp://allthings365.com","commitMessage":"","appUris":{"documentUri":{"value":"/14527597168239411553/Nbde07c7a-27f6-41b3-b82a-324bd2d4467d-document.msapp","readonlyValue":"/14527597168239411553/Nbde07c7a-27f6-41b3-b82a-324bd2d4467d-document.msapp"},"imageUris":[]},"createdTime":"0001-01-01T00:00:00Z","lastModifiedTime":"0001-01-01T00:00:00Z","sharedGroupsCount":0,"sharedUsersCount":0,"icons":{"smallIconUri":"/14527597168239411553/N50342650-c1ef-4e64-8505-930db6c3828e-small.png","mediumIconUri":"/14527597168239411553/Ne47623f6-1cfb-4743-9c0b-4a3c6c6d2e18-medium.png","largeIconUri":"/14527597168239411553/Ne5e24875-8f68-4cce-b9a3-775686d30656-large.png","wideIconUri":"/14527597168239411553/N66e95487-2bd1-4fb2-b10e-8ce74f13ab9e-wide.png"},"connectionReferences":{"d314f64e-29ad-40a7-99d4-6bb79cc38ae7":{"id":"d266a6cb-b2df-4988-ac3a-d6e467fa4bdc","displayName":"SharePoint","iconUri":"https://connectoricons-prod.azureedge.net/sharepointonline/icon_1.0.1363.2042.png","dataSources":["Office PDF Viewer"],"dependencies":[],"dependents":[],"parameterHints":{},"isOnPremiseConnection":false,"bypassConsent":false,"dataSets":{"https://livelovelife.sharepoint.com/sites/Development/democontent":{"dataSources":{"Office PDF Viewer":{"tableName":"ebeeee12-144e-4a6a-bdbb-927570ef4798"}}}},"apiTier":"Standard","isCustomApiConnection":false}},"databaseReferences":{},"almMode":"Environment","performanceOptimizationEnabled":true,"canConsumeAppPass":true},"isAppComponentLibrary":false,"appType":"ClassicCanvasApp","appComponents":[]}}